transaction_date,house_age,distance_to_nearest_bus_station,number_of_convenience_stores,latitude,longitude,house_price_of_unit_area
2009.363502971184,46,5.85,18,23.953078,82.8876,73.12
2023.767857660248,11,0.98,12,-5.528659,-3.646628,81.24
2018.2998485452852,15,9.62,18,-10.249315,47.05828,74.48
2014.966462104926,23,6.39,16,-1.053419,86.285843,76.47
2003.9004660110609,18,7.57,5,64.988154,40.419276,47.34
2003.899863008405,7,1.79,15,-6.989958,-173.996707,87.06
2001.452090304205,30,4.15,11,79.187723,-109.881541,63.05
2021.6544036443734,20,4.28,18,0.720677,111.768558,85.14
2015.02787529358,16,8.24,4,80.856125,-81.845767,46.19
2017.7018144449012,22,0.11,16,59.909742,83.362363,82.84
2000.514612357395,36,3.08,0,-24.762362,-46.036723,21.67
2024.2477463040498,15,9.81,9,65.455456,7.878358,54.93
2020.8110660200105,5,4.8,14,-70.188609,-155.529612,75.13
2005.308477766957,7,3.89,10,76.508492,-114.758798,60.14
2004.5456241801776,24,1.29,12,23.695833,164.590907,77.48
2004.5851127463359,17,9.74,4,-80.209665,140.449699,33.97
2007.6060560739884,24,0.3,0,25.96621,54.81904,30.88
2013.118910790806,11,7.4,11,85.364578,-14.527945,62.34
2010.798625466053,14,7.71,10,-77.435882,63.274065,57.15
2007.280728504951,25,2.51,16,9.843788,42.699704,81.02
2015.2963223680595,40,6.75,3,44.602983,24.678812,23.41
2003.4873465163012,44,1.02,14,55.846546,-158.696254,70.96
2007.3036162133806,25,2.64,8,-15.511056,47.80894,60.77
2009.1590460823422,46,7.9,19,-53.250019,96.811216,65.78
2011.401749605426,31,8.66,18,-82.37839,177.869396,72.42
2019.6293990348254,9,6.12,18,14.350708,-176.011721,87.7
2004.991844553959,15,5.12,11,-8.476007,82.862443,66.99
2012.8558609603404,6,1.68,4,80.773991,25.844154,61.89
2014.810364221551,16,0.72,9,-79.091117,-23.741217,73.62
2001.161260318,22,1.26,16,33.371162,-134.074737,97.6
2015.188621297536,25,2.35,4,-85.50608,-32.729346,34.63
2004.2631030921823,20,3.48,15,-59.141848,-52.424214,75.16
2001.626289824632,21,3.87,6,-8.35578,-70.98124,60.77
2023.7221384313334,6,3.53,8,-8.12296,83.116664,56.7
2024.140800826864,13,2.47,2,33.426098,72.261188,54.75
2020.2099337029115,14,5.15,14,73.838346,32.047233,78.01
2007.6153442293344,6,8.27,15,25.025789,157.919333,80.52
2002.4418028501595,8,2.87,17,81.636318,-54.052422,86.3
2017.105825662804,47,9.43,13,68.690815,-92.231302,49.1
2011.00381234349,7,8.75,2,15.209963,56.125193,48.11
2003.0509558711194,49,1.7,11,60.082551,-108.426938,55.71
2012.3794227527817,22,7.88,8,25.66397,-66.596217,48.96
2000.8597130278804,28,5.79,6,-75.85959,-99.143122,47.34
2022.7330100519696,17,5.71,8,43.30165,-155.104716,55.97
2006.4694995400005,30,3.97,12,-72.916481,117.899547,66.77
2016.5630571088495,29,5.06,17,16.934901,-88.365405,74.66
2007.7927769022353,38,4.03,4,36.475237,-9.710099,36.57
2013.0017005294453,34,5.44,12,-78.025031,-164.406502,57.63
2013.667756983582,17,6.32,3,-48.456962,71.762208,32.0
2004.6213613881382,41,6.78,1,74.821002,-60.998039,24.74
2024.239615694114,38,5.37,15,20.936609,88.105222,61.78
2019.378320584028,16,7.24,8,-45.668517,-31.534898,54.32
2023.4874735391047,13,1.5,8,34.322359,-109.527982,69.88
2022.3706837606912,30,2.2,5,17.419756,4.74303,39.21
2014.947499470277,23,8.21,10,0.283626,-133.018359,59.21
2023.0468558755779,34,3.29,0,85.713655,-21.405902,26.57
2002.212312551298,43,0.33,3,33.02168,-65.770028,32.17
2004.8995715604785,44,1.62,12,-22.4206,148.30545,71.68
2001.1306822227634,33,2.31,12,54.013218,-158.06566,66.03
2008.1332582690816,2,9.58,12,69.224993,69.846269,67.79
2009.7169322422371,36,5.77,1,-67.460299,-114.20958,22.44
2006.7837257943474,42,9.33,8,-53.900464,-65.143773,43.41
2020.7184377287983,39,5.79,7,-51.079138,-30.414937,39.75
2008.9188331673397,25,4.85,6,34.418126,146.885432,52.01
2007.0233627421844,22,3.21,3,18.54712,-92.671824,43.17
2013.5674020789563,43,6.1,17,21.418482,-147.128831,75.93
2003.523105624369,38,1.48,2,79.339194,-65.271743,29.57
2020.054924518851,14,8.99,5,49.664076,-142.316651,40.0
2001.8637660919942,48,8.31,11,-66.971354,-133.705265,45.13
2024.6721734150128,3,3.24,11,-27.448725,26.586215,75.65
2019.3061192324164,28,9.53,7,-11.629144,-158.075304,40.93
2004.9678920383544,21,8.27,0,-18.726914,-168.864883,40.25
2000.13805292809,24,6.7,3,30.47555,77.189077,47.27
2020.386535711371,12,1.31,10,70.540759,-49.807046,73.53
2017.6714335961904,17,4.83,2,-34.910737,-134.864874,42.34
2018.2251792010247,32,5.11,12,9.337885,-88.699402,61.15
2019.2817586671486,15,2.4,16,52.093696,51.151143,81.65
2001.8511162933523,44,0.89,9,-15.080749,-80.806836,52.75
2008.9616432136067,41,7.79,11,-59.738737,-1.972395,54.67
2002.8967264881283,43,1.31,14,-4.508826,-136.18969,75.06
2021.57758564689,1,5.98,9,-80.059946,31.71371,72.51
2015.582453170689,34,9.37,13,79.629022,-66.212034,50.4
2008.2724506213162,41,8.77,12,-76.532183,45.708636,50.9
2001.5889587571505,33,2.85,4,-11.077791,111.022158,33.88
2007.7745580428916,29,8.53,5,5.378627,40.192711,43.55
2008.1295830506688,12,0.1,1,87.35469,-73.530877,44.79
2018.2401544584516,12,0.28,16,-60.116072,-87.932267,91.34
2015.9389367838803,17,6.07,3,-69.402327,-62.128455,43.8
2022.1803185644083,31,3.71,13,-88.432894,-120.736615,81.77
2011.8053731290488,31,3.93,9,-61.997141,-114.778134,56.95
2002.9898561484576,34,5.69,2,-52.690864,104.648797,29.27
2017.8311196805748,38,2.0,2,23.504569,-41.496272,27.79
2019.0196262154225,45,2.2,14,-50.452778,-23.041735,73.49
2014.0319299392374,28,4.9,5,-86.306253,33.857808,42.74
2019.274179498864,48,7.57,16,58.791302,32.275258,70.93
2012.3448899091097,28,6.23,11,-24.192774,-155.744326,65.18
2013.0683207345498,43,3.04,19,-26.334596,119.354683,78.63
2010.6885254589638,15,4.36,10,-35.553775,-116.162441,59.0
2000.6354781686023,43,1.79,3,85.56719,80.305789,36.18
2002.6972856748325,46,0.84,5,-59.379225,98.161556,37.67
2000.7857296421685,9,7.85,0,71.682852,77.363832,33.92
2015.9102602815944,29,2.73,19,49.8246,28.431953,93.65
2007.858899526908,24,1.86,15,-76.233608,-174.740761,71.94
2012.7142672791176,38,6.95,14,87.611238,-50.264823,63.9
2022.6891618481523,19,6.22,16,-41.154127,37.742195,82.97
2006.232305728722,4,6.37,7,-72.255073,-40.517533,63.49
2010.2595730758908,0,2.37,11,59.276562,130.852762,72.63
2018.8887784635763,29,2.4,9,37.201596,-68.831181,61.0
2005.7199541372906,48,2.29,14,21.099385,-74.327475,70.58
2001.92449774572,2,1.82,8,-61.923445,-84.24083,71.99
2007.2437863228442,44,6.59,1,-3.870699,-60.198887,20.54
2004.03053218135,13,8.5,4,50.500085,20.665787,48.45
2023.2424413085644,29,7.27,5,-35.347691,74.525506,36.12
2020.2030094891104,49,7.94,6,-33.895831,58.52445,23.94
2015.8350939127606,3,4.11,0,-89.434637,110.778415,41.33
2021.786514754693,17,6.58,6,-58.636188,138.929038,52.31
2020.0918019224778,36,3.61,19,67.573013,113.788455,88.78
2004.664251472151,24,5.3,11,-10.485632,-173.179655,65.7
2022.3139749622494,47,4.87,15,87.16221,84.930463,68.37
2013.4835560478912,0,1.85,15,-18.772567,-104.976153,97.45
2020.1860038791015,45,3.93,10,38.733562,-132.145905,49.91
2022.4022824980873,14,9.64,3,-39.254572,49.855963,36.8
2007.9500868742966,8,2.56,12,-24.514265,-64.89245,84.6
2002.751298113192,14,1.42,6,-55.669322,-159.437821,52.82
2005.6983790635486,48,4.24,3,-27.528774,-130.453296,30.79
2010.6776947156563,23,7.92,14,8.502754,-179.66541,65.04
2020.4503691480622,3,5.86,18,88.519119,145.160506,99.21
2021.5182645814086,11,6.84,8,29.556308,-171.137526,58.15
2000.1738032632798,36,1.98,10,-54.135728,-104.595923,59.07
2012.7686825644391,36,6.23,7,-81.906941,-30.145399,52.3
2010.4352750787195,42,3.3,0,-67.255833,-51.634323,18.67
2005.5526952617683,5,8.36,7,11.259936,148.221316,57.04
2002.9966341833422,38,6.33,12,47.728859,-165.49598,56.6
2008.4403792850908,45,2.07,3,79.275457,4.397295,36.06
2023.572742597813,23,0.74,7,-87.151829,64.972607,68.04
2008.080073300519,10,0.52,2,4.096825,155.411271,47.19
2012.9697655435841,12,3.78,8,-5.243876,43.333651,56.34
2017.5754739723795,33,2.73,1,28.089904,109.351885,28.36
2009.0907400594824,24,6.5,1,10.724194,-149.859022,30.09
2024.2945520680241,6,5.04,12,33.667047,-41.061776,75.76
2024.0611823735528,3,2.73,14,28.454865,-45.379032,86.98
2006.294557395634,7,1.58,11,-68.93789,139.063758,86.14
2012.4312126473096,19,1.36,3,53.949224,-125.506378,55.58
2007.5219577454193,28,8.66,7,-67.818136,-125.320978,50.52
2007.1210123594367,44,2.51,8,35.735513,-61.719066,60.81
2000.9221736838633,45,6.55,4,-15.093834,-160.392223,33.8
2015.2391083494974,9,8.13,19,2.493132,-114.315105,95.85
2012.5669755807216,42,6.18,17,72.593643,167.47547,74.75
2001.2869687812497,33,8.61,10,70.179071,-25.853782,53.79
2006.9661616059152,25,3.98,14,57.214135,47.526915,75.5
2022.7066471491664,40,9.57,8,1.826708,81.400053,37.66
2005.9890472666743,48,1.42,16,42.523166,-47.893893,65.64
2003.6223718022807,2,1.11,11,2.32147,-126.998253,79.68
2012.236319006939,5,6.62,6,66.529095,-105.630834,58.4
2024.641261352765,4,9.43,9,-17.50035,-67.224068,61.22
2006.0513817877875,4,8.11,9,84.642362,48.984631,57.51
2016.803388685147,46,0.86,12,77.818096,-36.619002,60.88
2019.040490383218,22,2.87,18,43.488472,-177.546709,87.6
2005.94093859981,48,9.31,10,-39.705141,8.426587,41.72
2018.2054087152965,8,2.61,12,-66.302354,151.744821,80.54
2009.1945783179813,34,7.83,7,63.846621,112.34794,45.79
2015.8076457648394,19,8.27,7,-60.245588,117.076094,46.59
2015.8382427690224,48,5.0,3,63.766942,106.220886,32.41
2013.394367101869,41,3.92,14,-1.662299,-63.456903,71.28
2002.2572442513601,34,4.56,10,-16.819779,95.46978,57.76
2020.882562389731,49,2.35,10,72.57434,-128.461911,55.3
2008.0195016242933,17,8.9,0,18.693177,56.777813,33.07
2004.6629627599964,16,4.56,16,13.790521,50.964684,77.67
2001.0193785388692,23,8.84,14,10.57787,-170.794872,72.51
2014.7723235797062,2,1.15,19,-23.189487,103.669248,100.32
2016.939109046057,31,9.88,5,51.415759,145.169318,31.22
2000.4146957231965,34,4.49,14,-44.49628,-83.7305,69.25
2012.802326457482,37,0.57,8,79.001093,112.460661,43.92
2005.6623943799484,12,0.48,13,70.917337,-150.33385,83.16
2016.1293197602363,46,7.49,17,-29.253541,35.988429,71.67
2004.3591607251249,24,6.62,16,41.303479,-5.167128,67.84
2017.2734434525617,8,8.04,17,13.180175,16.532472,90.39
2009.6683836575135,3,1.14,4,-29.223126,153.433873,55.3
2023.4182497184183,13,0.45,19,87.933897,133.673489,100.86
2003.4380236036498,36,5.13,19,-85.457278,102.630117,78.54
2008.5266587762565,33,3.94,8,-44.523714,-81.468555,54.45
2002.8368380310146,10,4.67,10,3.613331,148.254706,73.12
2023.117340456964,40,9.92,0,3.951541,-144.897231,18.36
2021.9334838345246,2,9.71,17,16.007953,127.198518,85.42
2006.4485406928789,27,9.43,5,45.301711,-61.862374,34.98
2016.4996011508545,28,7.86,1,22.226009,-160.641968,26.86
2020.4305550050303,8,3.61,14,18.050663,60.968514,85.86
2013.8800202899865,2,4.18,13,-80.367397,-96.739226,85.18
2013.2412644589,24,5.54,4,-22.224548,-92.314395,44.44
2006.0463072725113,33,8.32,5,-48.229967,-69.82302,29.61
2002.3275691951476,11,0.78,5,-42.23338,-157.073484,58.21
2022.4303939488332,41,4.3,17,9.780745,-116.234228,70.88
2022.5104514290833,8,0.92,13,-54.089043,-178.149734,86.94
2015.8275364318317,14,5.2,9,-37.089162,-19.652572,58.38
2008.4757447762174,39,9.0,13,-47.324752,-149.668064,58.26
2008.7302393653165,24,7.85,12,80.73053,65.754938,60.81
2018.148891971756,4,2.36,2,80.039832,-95.175774,41.06
2022.4277564988145,10,9.76,5,19.789481,159.686692,50.01
2022.177160606628,33,6.71,7,76.414044,133.650586,44.31
2019.4968886464405,23,0.2,11,51.446276,-75.801278,77.58
2016.0507911538573,14,2.63,12,16.190619,101.957564,66.73
2002.1034991248762,37,2.68,10,-88.841662,109.168166,56.02
2004.0407178523653,7,0.79,11,49.052931,175.162721,77.23
2022.463854713177,4,9.6,0,36.447901,35.222395,34.95
2015.1607264914896,47,4.83,16,20.745658,-150.492336,60.63
2000.2299262904157,25,8.97,15,46.876376,52.861402,71.77
2002.5367885716507,17,3.29,10,2.32599,44.992709,76.12
2016.5875442277013,5,1.34,12,36.734989,49.806208,83.86
2000.1265395961555,36,4.8,17,78.330976,-69.427567,76.26
2004.0202012854375,47,1.23,10,-22.355097,129.484651,47.77
2013.7183447341647,12,4.91,11,37.46193,165.409986,65.76
2017.2973799423173,27,9.21,5,-4.376193,-101.623495,37.41
2016.2990314875651,4,5.26,8,31.391937,-148.265223,61.46
2005.606732736514,12,6.2,15,47.3208,-109.967388,84.83
2017.8044805336883,16,1.65,3,-81.81855,115.39877,51.19
2005.93122718742,49,0.53,2,26.38808,63.592069,44.17
2008.1349924539818,39,1.2,15,-49.186587,48.977043,68.8
2018.6622851279506,44,6.03,11,30.605857,-35.354471,52.12
2016.2408224761803,31,1.04,10,-5.700567,28.01807,56.02
2021.2305852623545,28,3.82,4,49.239494,-69.165315,31.16
2016.4403223075085,2,5.55,17,-67.787853,-8.207971,95.29
2014.2077150833868,39,3.95,18,22.738023,105.50269,81.06
2002.3418691957022,33,1.72,5,-39.875269,173.246975,41.65
2009.192895076486,39,2.81,17,63.536759,155.696012,77.75
2006.630059192043,26,9.29,5,77.109031,156.191739,34.92
2006.099741084477,12,6.79,3,89.351693,-35.199455,40.34
2024.3252638688111,44,5.01,11,53.281332,-11.235643,51.88
2009.827443116669,32,0.23,18,45.672133,74.028743,83.17
2022.3011638794278,5,9.92,1,-51.209863,151.989094,32.04
2015.7784656499316,23,6.75,16,-29.518729,-128.882067,72.93
2019.8702825885412,18,3.24,10,-6.177142,-70.472929,68.25
2012.5659273276299,15,8.8,10,49.208589,-129.871136,45.43
2014.422597115659,39,2.66,15,74.693856,40.323071,70.37
2012.3129423454716,27,5.49,1,-55.954962,-69.731641,25.83
2004.8810746949512,32,6.4,1,76.026147,-62.601173,22.14
2018.0613028815376,47,2.29,7,35.212437,-154.470255,41.44
2007.0193090610214,40,9.79,12,19.938732,-54.073418,51.24
2000.6078991607862,12,7.51,9,-54.028571,130.498743,58.66
2016.1368073976791,42,5.62,7,-80.005494,-96.093788,36.25
2004.4277669851763,44,1.89,3,12.323682,70.267488,37.77
2023.511464608823,24,0.63,14,27.272823,46.666204,74.54
2023.8482144250647,41,3.27,0,-52.059339,130.854459,20.92
2022.8716097555111,35,7.56,10,10.162117,-132.376339,52.58
2009.253967506386,26,2.77,6,64.168812,171.932386,52.45
2000.3864154132216,37,5.44,16,60.31187,29.746313,68.28
2023.2079640646932,6,7.31,19,76.923933,178.370695,78.35
2010.7046037079328,4,1.17,17,-24.140554,148.145301,92.82
2024.1663704760917,42,6.88,11,-32.751077,-100.253782,52.49
2024.0904994272314,44,1.01,8,44.896681,-159.781676,53.93
2021.325236386684,30,9.65,4,-12.399767,-87.969926,32.13
2007.3612223017396,22,4.94,9,-74.24124,9.922914,56.2
2009.627443215048,41,1.59,3,-39.095796,-118.225308,47.58
2021.2784167879215,9,3.49,4,-14.655189,-119.714492,50.4
2007.9230501289069,31,4.19,9,-37.347043,-13.466323,58.28
2004.2373186671523,42,7.61,10,-30.202997,-168.02353,40.91
2013.9200315614587,29,7.46,9,-37.120337,-136.12029,45.86
2023.4038693540194,38,6.16,7,-82.53015,-30.289918,46.0
2017.4007449168744,30,1.15,1,24.677046,-157.273233,41.5
2014.2515292522341,17,1.6,7,17.512636,-37.16818,58.15
2002.4294123442692,35,1.03,15,27.60903,-9.357744,66.71
2015.3751806674793,1,5.81,4,-55.384219,-17.544019,51.95
2024.7513462526065,13,8.78,2,-36.782183,132.902949,37.28
2003.5021003809131,12,4.39,11,21.530867,10.822484,70.91
2012.9582413090934,28,1.69,12,17.932962,-11.527034,66.65
2021.934326798199,11,5.62,12,1.139456,-32.144672,71.31
2018.519215443855,38,8.14,9,-26.925615,114.344416,42.04
2017.4253935248817,1,7.44,3,74.327581,142.220377,41.78
2017.5621020996778,31,8.83,8,-28.841356,127.167289,49.03
2008.9872787804939,12,2.85,1,-7.988552,62.476768,43.21
2007.3397961066123,45,2.02,18,32.06049,-130.549771,77.72
2020.2340288869627,26,8.81,0,7.743858,-80.326811,21.25
2020.2528348669796,48,6.61,6,-27.560524,-163.417297,33.18
2021.6768079645026,40,3.18,16,-11.583938,155.096667,74.03
2022.8310138139118,16,7.45,2,53.006547,57.887471,45.47
2012.7835599715233,39,8.17,19,-39.936752,88.690638,78.52
2012.53790736718,30,6.19,19,-64.394057,-67.834174,79.38
2019.9573794741693,33,6.91,2,-33.630624,124.435268,25.86
2016.2490982694442,23,3.82,2,62.916159,-86.542818,34.71
2017.5491719314425,44,5.43,16,-73.981851,-179.408247,66.85
2019.8948167359026,34,5.29,6,88.505293,-44.490613,39.0
2022.2501335454392,47,8.5,13,7.380522,25.474133,55.12
2008.4498789212885,5,8.42,16,87.272234,-7.666251,69.65
2009.3895738159986,18,8.34,17,79.019356,130.347411,82.17
2002.3495484960217,29,0.21,12,-8.493531,-142.054097,72.56
2014.4570035249044,6,7.52,19,-54.271607,19.376439,99.03
2000.8985568449186,9,7.61,19,-60.32074,4.672566,95.47
2011.6399504533115,40,6.82,17,-46.801915,-78.698526,67.35
2013.5661158676894,31,7.59,3,37.823875,116.002121,35.94
2007.163531303207,33,8.44,0,-40.869001,91.025516,20.0
2014.7708315142252,27,4.76,17,-28.543451,83.829307,70.69
2000.7625062484763,14,5.07,0,-9.219815,135.429292,36.19
2000.9337047187303,29,1.33,12,74.381882,80.202456,66.38
2020.5650140164914,36,3.92,19,-55.909185,-96.537135,83.12
2009.0047660352816,28,6.47,19,-89.095221,74.002576,91.55
2003.1765128162972,21,7.83,9,-79.182646,-69.226987,55.88
2013.05608150137,3,2.25,10,72.857942,-92.817126,70.04
2019.2498388274653,19,1.46,8,26.552964,-153.718707,67.13
2005.395525687421,31,6.66,8,-40.852689,87.850289,50.32
2015.572261895475,35,0.12,4,-58.10535,75.960346,38.64
2002.1336866248441,49,1.87,0,-37.031987,-95.580188,14.66
2001.2920430292152,3,0.39,16,-69.336553,89.776446,91.03
2013.2838657892037,26,1.75,1,79.475924,150.422718,41.56
2013.5158780402526,16,1.9,12,51.157111,-141.109575,73.64
2015.9357475374552,11,3.94,8,-6.769588,-96.25081,63.0
2018.1522833430665,21,4.08,3,65.693269,90.093886,35.69
2024.3963019865635,16,8.76,4,-45.097523,-81.177598,45.18
2012.9075087075298,9,5.15,10,39.081702,44.879031,57.7
2008.0739118235313,0,7.26,18,64.10385,-150.780879,89.83
2019.8796548692176,21,1.13,2,-25.781632,-17.207108,45.9
2006.7708062815518,25,2.33,11,46.3436,86.072912,61.39
2010.974285517641,17,7.06,18,-36.886977,67.145019,87.98
2001.9614095335567,49,0.62,18,-36.205716,113.425956,74.22
2000.6337685853864,13,4.92,12,-70.729708,135.882766,65.99
2024.066210366948,46,6.03,6,-10.789552,98.34606,42.39
2020.899503012805,28,6.06,14,41.348143,61.771587,69.68
2017.3993551523424,11,0.33,6,79.239745,-168.579903,64.6
2010.2238236103567,35,3.29,7,18.683459,12.588002,53.66
2004.3323580017711,34,6.4,4,65.364397,-166.428819,22.3
2003.9109260667772,11,1.58,13,58.049037,110.904414,84.3
2006.256072454115,6,6.98,3,-58.79825,-64.539171,41.72
2013.730666617653,28,7.48,9,-2.552863,22.474575,48.63
2017.8648980675016,10,9.82,19,-68.953764,-79.399689,89.46
2016.5049344179433,32,2.18,14,32.787569,101.700052,70.91
2006.9983474236485,5,8.27,17,80.98194,139.14091,89.07
2023.87163201658,46,5.25,19,-65.323898,-36.488702,75.92
2018.4474229173943,14,3.8,12,42.098964,130.652062,74.14
2013.858851312785,31,1.31,7,23.802867,-83.852997,51.08
2015.2930186558588,10,7.38,8,15.048907,12.477932,52.61
2010.4900015606947,22,2.43,15,-19.778358,129.154115,76.65
2006.193274737529,25,3.78,18,-26.076303,-62.682717,85.32
2008.8993169662815,33,0.72,15,-81.855146,163.455215,86.61
2018.9461527616093,45,8.03,6,-50.776433,-136.123379,40.81
2000.359837215744,33,7.69,13,-87.268161,-173.420975,57.7
2002.901816012673,28,7.36,13,14.655079,145.488727,64.26
2001.1500660505437,3,3.06,3,-70.946418,-155.28648,51.47
2001.0182200579743,16,1.82,14,67.143491,177.080111,81.92
2021.3865146002752,34,6.41,2,4.165744,162.50287,30.68
2017.5914464845007,12,5.01,4,35.944184,-130.672472,51.12
2011.854345727183,40,1.86,0,-16.045723,13.530465,12.7
2002.445854016275,38,6.89,2,10.904366,-113.428693,28.5
2012.2903968779208,14,9.91,14,79.678652,-25.864138,68.14
2011.836794269514,28,7.5,7,-75.107873,-157.886953,42.23
2004.3300467477504,28,7.43,3,-44.291201,-99.387148,37.83
2010.8462912309494,10,9.51,1,50.397899,-49.221793,41.07
2009.9626183599344,31,2.11,9,-72.227303,-22.0869,61.78
2015.3962524513054,1,5.7,3,-76.381001,171.898653,47.36
2015.8773412716912,46,9.8,2,-24.922548,110.831632,12.92
2001.132600244301,13,1.74,1,-73.409767,85.46758,28.86
2009.3653153656617,19,7.03,16,15.31412,13.334873,78.87
2015.646497892856,21,5.9,19,-49.270455,122.399194,90.55
2012.5784064645022,10,5.91,12,71.225633,-57.843779,71.63
2021.412246029708,26,7.01,4,51.030015,75.203681,43.15
2016.4673407904736,2,9.3,8,35.946937,177.762231,52.45
2004.0733606770357,16,7.85,5,21.049925,-66.733593,44.37
2001.7642186850107,43,0.66,4,65.423831,62.646313,38.26
2016.060481955158,27,8.54,9,-49.848829,123.953351,50.14
2000.6627827635405,28,2.33,7,67.159592,149.69073,59.34
2014.6443895318366,20,3.83,6,52.108614,78.455769,51.73
2023.505756035624,46,4.67,6,44.668949,-77.901148,36.52
2014.386854446897,15,4.86,5,11.026022,-62.538425,45.53
2009.704248155163,36,4.41,19,-45.676051,-172.527108,89.03
2016.0822054610587,19,9.38,2,-13.761375,93.918952,25.27
2011.4563222622878,5,7.09,18,52.842718,-164.613742,88.1
2013.6404197328984,18,6.35,14,-84.279873,131.274848,81.94
2023.5366202194132,4,0.59,3,50.769138,-137.282179,58.46
2009.6525659450194,2,9.05,11,-46.787267,-118.124456,68.32
2024.0297640955978,0,9.1,5,-64.024344,-8.450471,51.46
2022.6337660489016,37,7.82,18,-69.173763,85.636949,69.04
2004.8947783697324,14,0.17,3,-85.094998,-129.959206,51.4
2001.734032521879,33,0.67,14,4.245567,-21.574413,72.75
2002.5194500344357,34,2.33,8,-50.713223,-6.173541,54.4
2000.4555456412888,48,1.4,4,88.097718,-103.577169,28.37
2002.3610740188983,24,4.05,12,13.398616,-138.398984,69.91
2017.0751693354089,23,9.23,17,-65.180652,121.111532,80.74
2001.7797162115057,11,4.77,4,33.977257,0.887634,48.33
2007.974390757344,17,0.23,15,71.593842,-174.822755,89.39
2021.1218827742364,14,2.9,18,44.132309,109.073268,94.2
2000.5817983933957,43,0.54,13,-76.240825,173.08577,63.65
2020.3617120647234,15,0.46,15,71.259153,38.13343,81.52
2007.046369369335,26,2.83,14,52.907289,1.335019,70.16
2002.9541206905415,7,2.83,3,-61.505298,136.229711,52.72
2017.4184291341037,45,7.89,6,-80.67854,162.906044,33.38
2015.723571169497,24,9.75,15,10.315904,91.63329,74.75
2021.9368003381762,16,3.77,7,-61.913554,-19.636945,61.3
2018.376776095097,28,4.35,16,60.226371,33.199704,81.42
2020.0870232596212,7,8.46,15,-25.499762,72.336731,80.13
2007.0508643142828,14,2.75,9,74.32064,-110.061514,61.06
2004.435988594493,26,1.65,9,11.823871,-19.007628,63.15
2018.7653687910215,45,8.55,1,-57.118971,118.735655,17.99
2020.1708684816815,49,0.56,8,-64.872204,55.701125,42.97
2024.7626285500169,6,6.24,16,13.765039,-31.966536,91.69
2010.3154419227856,2,5.66,10,47.13905,58.810512,76.02
2009.3004521448195,28,3.52,9,50.671017,-137.439932,52.0
2019.41032401855,43,3.22,16,-40.363667,-35.46086,68.48
2008.5200885063255,23,7.74,3,-53.235583,105.526274,33.14
2023.268933140089,2,0.96,15,-86.983865,-100.616837,95.61
2021.4603187960754,19,2.44,19,32.255847,-113.053857,96.31
2010.7248506843755,45,7.35,14,-76.217713,162.294718,58.7
2018.7717766947874,14,5.53,4,-14.262984,-104.436853,48.07
2018.863571852117,24,1.37,5,18.30279,-86.069311,44.51
2002.5780967208982,29,8.83,16,78.67961,169.061738,72.16
2022.5638226669892,13,4.0,0,-33.875615,84.495085,37.0
2012.6313093111964,6,8.3,18,-45.041011,71.854752,85.15
2020.6614366526935,16,7.9,3,27.748828,127.053498,31.49
2008.0012400257654,43,6.28,16,21.463026,-138.30369,67.21
2022.388080712405,19,5.0,8,-30.220239,74.144245,58.78
2009.730041968354,35,9.8,1,77.05833,1.327899,12.29
2000.2709412870074,8,1.54,7,62.075219,118.494231,64.78
2022.6345494104817,37,7.28,14,-49.683142,2.931019,63.19
2002.2821669196533,47,1.99,6,-46.954342,43.286888,38.74
2007.9828409397603,21,3.45,5,2.214062,-8.012834,51.22
2023.7515491762701,1,3.16,0,49.242978,-7.862788,44.1
2023.7651786734389,23,9.48,14,-82.072732,96.469192,67.7
2014.3359472030822,7,9.68,6,34.800328,46.283904,52.65
2015.795930304245,10,1.91,16,26.682462,47.974753,92.81
2011.211138049458,12,0.32,1,-48.333583,-17.898306,51.6
2007.3302692924517,16,7.23,8,32.643542,11.199419,56.85
2008.216613634248,7,4.24,8,79.232974,88.45836,61.75
2016.812961401926,20,0.98,12,-81.578548,117.338731,71.29
2018.809363235942,17,6.87,5,-32.46263,70.762105,40.88
2019.7894760931463,29,5.5,5,-11.128191,152.666276,43.01
2019.7404535698638,17,9.81,19,71.866865,115.316672,90.39
2002.2801525762172,45,2.35,19,83.20706,22.270964,79.18
2012.3605076175645,46,4.1,2,-10.059256,61.706186,29.1
2001.4389690004161,30,5.47,16,45.005114,153.47098,71.03
2013.7382220580935,37,7.94,16,5.698984,42.900496,68.56
2011.0382625343345,31,5.53,11,6.800928,116.930501,65.5
2022.1926045689574,10,6.17,15,-39.942087,67.971781,84.18
2008.772875313802,44,2.34,14,-50.947876,18.69709,58.64
2002.9266754106902,24,8.48,12,-38.159038,-92.93825,64.13
2003.5747920513209,32,4.34,0,10.139041,-26.640893,30.57
2019.0377657929369,37,1.5,16,-84.752067,168.387417,78.12
2015.4554515829066,40,6.68,2,73.30481,56.795538,29.32
2002.5280669030697,7,2.24,14,-61.868932,23.182337,80.97
2002.102670152875,10,1.07,3,-50.384038,155.864385,52.71
2017.524228286478,21,8.63,3,3.289712,31.144241,41.11
2001.8190751591048,23,4.66,17,37.820658,9.389707,87.61
2020.546501482259,40,7.52,16,-72.76877,93.351908,69.46
2017.6560556789125,16,2.98,18,-32.814954,76.559623,87.12
2002.0337195160475,11,7.89,10,84.361429,-110.462397,57.46
2002.1209428521297,45,1.21,19,-42.778266,-10.329021,83.26
2024.6659894625293,31,3.62,2,-33.650974,-9.894441,35.97
2009.356769893903,14,9.78,7,60.569728,-43.839175,48.83
2009.2660536766723,15,7.96,13,-80.961402,6.225654,65.54
2020.3199891814374,21,5.02,0,-6.36963,-31.281337,34.15
2023.6812144345965,27,3.46,13,-21.668982,-108.235624,70.86
2024.6500265955717,19,8.73,1,-33.014383,-31.548065,31.85
2018.8344546314736,32,5.49,3,-38.574073,-153.980299,37.73
2009.406489638273,9,7.61,18,-73.552661,27.282911,86.72
2002.0875179174668,39,7.57,5,-33.331351,127.315638,31.7
2019.4286728981858,31,0.28,0,-82.250568,81.10335,39.62
2013.960106243395,49,1.35,16,50.573495,-50.258146,67.69
2010.6055502311744,32,6.63,7,-18.318997,-148.654366,42.71
2022.6588596273684,1,1.7,18,-10.09731,-107.226216,107.12
2002.7799370576538,32,2.63,0,70.847026,16.376523,27.32
2012.3156276072714,32,9.47,4,28.449897,-105.45945,31.3
2000.2838411191856,40,5.65,15,-88.549361,15.83032,64.47
2011.7165160498532,12,7.53,5,79.771468,-96.624351,38.79
2001.407581892046,29,5.62,7,-47.313996,125.612593,47.45
2002.9704479067018,32,5.57,12,-70.629447,-36.98227,56.59
2002.9381561694277,12,1.03,15,48.263072,-91.601775,88.73
2016.2302575529015,25,3.5,2,0.085917,112.437425,43.78
2018.6511219816357,21,2.9,18,-11.921298,-56.577973,78.08
2014.584219127429,38,3.97,11,-45.089446,-139.864432,56.01
2024.0543137118636,1,8.0,15,8.544868,25.347417,84.76
2009.3717644880926,37,3.78,10,-40.610771,29.363114,44.91
2007.1428021570466,38,4.57,9,72.284941,77.290443,57.83
2021.7149782047366,25,4.03,19,-51.263194,-93.521004,90.35
2005.5898959629862,45,1.02,3,69.183927,-20.242318,40.39
2024.0805634860153,49,4.47,11,10.692977,-78.347549,48.98
2000.3038618672454,14,2.04,1,59.127864,-150.856655,40.72
2024.246970667691,33,1.95,18,38.312279,135.580978,83.77
2001.0789977987645,41,1.03,4,35.40512,82.39313,50.65
2022.2785778424518,43,3.63,7,-31.617755,-71.473299,50.65
2013.1925277271575,48,7.6,6,-47.898552,35.774277,33.26
2024.8241199029826,39,2.84,13,-52.040479,-107.545036,66.51
2001.844914118385,10,3.19,2,64.294498,140.485184,49.39
2013.846357110033,2,6.46,17,57.676828,-138.633716,102.27
2024.2325633904775,5,2.04,15,-10.696765,-178.618628,91.35
2013.0774461042538,8,8.98,18,-66.16717,0.722951,86.76
2015.7349659533816,5,5.25,18,-21.194595,29.926016,91.93
2017.3937172246153,8,4.53,17,21.481822,28.427515,91.38
2011.3635266191943,38,5.62,19,-8.207432,-160.375706,76.63
2015.6889520021016,30,1.74,15,50.434068,-66.94423,79.87
2014.6078577980775,31,6.17,7,89.572108,-0.288379,39.08
2022.5289502622747,40,3.69,0,-55.596224,-102.031493,23.16
2001.1361595085364,49,8.98,16,-7.262852,134.145319,63.7
2007.0240797398058,11,1.77,11,-12.422898,-148.640656,76.69
2023.760287101914,7,5.12,10,-35.191344,-4.541601,66.51
2022.2565945972729,7,6.02,4,-54.342807,68.909781,48.31
2011.391418819643,49,0.43,11,-78.175419,-85.769604,63.03
2015.5033149450385,27,3.7,16,69.681477,44.726665,72.9
2006.9345295745284,19,7.35,5,-14.427234,118.578654,38.45
2004.703028993094,46,8.22,0,-0.558807,-111.478689,10.02
2011.5924601234994,6,3.2,4,75.049569,150.199413,54.15
2008.8338057006513,10,8.01,13,49.732286,19.281072,65.2
2014.5914027962717,19,9.68,4,-66.509772,-72.276478,42.75
2001.9433659241247,15,8.58,0,11.775594,-24.891021,25.01
2024.3598701916542,3,1.26,17,-10.39459,-67.610922,98.73
2024.65526861199,5,7.42,15,53.497993,81.040018,78.47
2017.4540428504936,21,3.26,8,40.361859,106.668239,58.28
2013.402409158603,25,9.89,18,34.27303,119.857461,68.65
2007.7381904071583,2,4.91,4,-28.70193,174.87657,58.64
2020.3448754926737,40,1.31,1,54.893471,104.862345,26.23
2017.1182793138469,41,7.28,14,-80.569567,36.498265,55.25
2004.0654234836222,13,3.3,6,-61.267518,-57.880693,68.45
2022.773179612346,10,9.97,3,-29.587811,16.054362,41.82
2020.5634310730793,17,9.8,0,-76.174661,-165.215458,31.61
2023.7449978322982,11,6.6,12,-47.70103,88.137027,72.89
2018.142987709709,22,1.39,19,59.427177,-19.456004,91.65
2015.3353798983946,11,6.9,6,80.685277,-172.791637,45.62
2010.4560759072656,12,1.02,14,-35.171576,-157.497501,82.98
2023.3182120838503,24,0.39,13,-42.387155,-40.512073,71.52
2021.6515972375103,44,8.25,18,-39.619323,30.031747,65.03
2001.1304667526547,18,2.18,19,-40.010564,-12.886578,86.81
2000.6591743624313,45,3.85,17,-83.532567,42.913554,73.3
2009.4115841719513,35,9.74,9,76.844942,-7.094067,52.76
2020.2638332695458,44,3.43,8,-51.534335,58.213384,49.65
2024.6819032328735,7,3.04,7,-14.399267,-101.114617,62.41
2003.7604222775883,28,9.19,9,-88.256361,-139.376453,49.01
2014.8532678838035,31,1.2,16,64.431916,34.716224,65.46
2009.5222714157755,43,7.62,1,41.608322,-5.511774,17.95
2024.247859945365,17,9.88,5,80.416086,-170.327645,34.55
2021.0529730783928,5,9.02,4,50.690786,-43.026521,46.64
2020.9582176177785,17,6.55,8,-33.532828,-141.794789,54.38
2011.7173289948742,18,3.21,4,-45.382795,11.288459,43.84
2010.3704875584417,21,2.62,17,35.588935,-37.520035,87.13
2006.8351767982676,36,8.21,19,-24.4597,40.734688,77.2
2001.4093874162731,31,8.81,8,11.918703,110.016799,52.88
2021.6180594063762,40,5.3,16,-88.873655,-72.119274,73.48
2020.3225252282518,2,2.52,16,-78.860574,166.356757,94.3
2024.9929418321533,27,1.22,11,6.366229,12.82842,62.93
2024.9159209268475,9,0.96,6,11.892896,42.584688,56.69
2013.8857926400656,34,7.22,2,45.26153,65.042054,31.16
2019.2246853795127,28,4.26,9,-66.246242,60.023351,55.61
2023.6191432470607,14,9.06,1,2.372955,3.949467,33.66
2021.2411847669352,32,7.42,2,-54.999424,-25.644855,33.76
2006.18370254358,6,1.99,15,-73.224698,-160.638493,81.45
2011.2636033827523,11,6.18,1,-16.110757,-172.049096,45.22
2003.2289853787875,48,4.41,9,-60.599403,-51.13397,51.23
2023.851275681468,29,5.81,5,-50.079244,-59.882079,31.51
2015.154365861272,20,7.41,10,-32.840176,-40.429744,70.65
2005.7160701375865,30,8.08,6,-43.310088,-130.187448,42.49
2016.7925171101465,23,8.45,14,-74.233566,85.740577,65.43
2015.4532060114475,19,2.61,5,-73.815076,128.507189,54.18
2008.954067950821,36,0.41,19,-55.215105,157.937269,83.5
2002.8389398049908,3,7.42,8,-80.899346,-2.749571,64.1
2016.78932988982,27,1.15,19,22.762264,72.311652,87.81
2013.0076925225949,43,3.22,11,-38.281191,127.998404,66.77
2019.307959793391,19,0.14,18,-39.645726,-29.4152,94.59
2013.0040875277998,23,6.85,19,-30.240307,-68.611394,88.47
2021.3045375079635,49,1.75,2,29.303329,157.22084,24.94
2013.7976709693621,48,6.59,14,66.714099,5.643558,62.2
2014.0234492883847,31,9.92,1,46.635648,-0.988601,22.56
2021.9163400664586,40,0.82,1,40.955261,-115.770205,24.71
2010.08707165531,35,0.86,2,-2.809587,-141.064195,36.02
2003.350380711266,33,3.47,5,34.885,123.15847,52.95
2000.7195669078335,35,8.68,14,9.497226,41.087943,65.77
2018.8784313918404,1,2.23,9,-51.074905,-62.70315,71.26
2015.5077387838367,14,3.67,8,-52.454094,-110.974962,52.15
2017.6019942024807,33,0.78,0,-36.649439,19.979021,28.17
2005.3241040377227,35,7.66,15,73.944481,30.210944,58.98
2003.4092868896691,5,4.14,5,8.534671,-105.482304,47.06
2000.363616641697,38,7.62,8,42.102968,126.506069,47.5
2008.764688970165,41,9.05,3,-27.619423,-149.664828,25.24
2014.7479421713658,11,2.4,1,-16.611161,-51.806489,52.88
2009.8061011274933,2,8.09,3,-67.398196,64.938389,40.88
2010.9368730505932,44,0.69,0,-59.166908,-81.316669,26.95
2022.6039673623436,17,9.0,18,58.92418,117.96307,75.03
2008.7063866755825,39,6.54,9,15.270954,86.352418,44.72
2012.8497372289953,20,8.75,14,-29.244156,104.048224,67.76
2019.5913253185286,14,0.1,18,54.513218,-137.121647,94.98
2009.9135695580317,32,1.77,15,-45.626417,-129.403034,76.61
2015.5521675056968,34,3.96,3,85.685886,-76.869454,40.92
2021.5590927186686,25,3.86,1,-27.932831,6.507779,39.04
2023.7380155914411,7,2.34,12,-29.284028,89.285788,75.14
2003.676837023226,35,3.88,0,-33.855857,121.151121,26.53
2023.1646906290373,47,1.38,16,-68.019927,73.560714,76.4
2012.3029073269884,29,4.19,12,-69.995313,154.294877,70.39
2006.456109707474,22,8.04,3,26.658906,85.947663,32.63
2011.4783939059566,41,4.84,6,67.521248,-69.743561,43.78
2024.500814382137,43,0.28,16,52.293692,-84.570738,77.74
2012.3154523498217,13,4.27,8,-64.600633,70.629282,55.77
2008.2187902571877,13,0.37,3,8.204782,-110.566595,55.95
2015.835021357918,1,9.67,18,-70.993522,-146.622668,89.75
2006.003640469455,36,1.36,0,-81.846964,11.600235,21.25
2001.8965832027166,4,7.11,9,28.149455,115.790965,62.87
2003.2219930477663,37,9.73,3,6.32742,-143.503257,26.1
2003.2011459739442,44,8.28,8,-75.235737,105.080877,36.55
2003.7975673378073,40,7.02,12,-83.710936,112.165922,61.61
2003.4706793162352,46,8.41,13,88.156154,-6.38136,59.71
2016.0218686200803,13,9.82,9,-84.59616,-159.368288,53.86
2004.5470021099786,38,6.25,5,-9.984914,-117.147654,34.16
2008.6416820830966,24,5.64,15,0.831424,74.673459,73.88
2022.4197102476503,19,6.32,5,-68.889573,76.24006,45.02
2011.8490410065717,1,5.37,16,-59.56888,143.407899,86.48
2016.6889434630257,38,6.39,9,-26.675099,29.767013,29.87
2004.3079967800406,5,4.55,17,47.101658,-135.321348,100.45
2004.8072254702167,16,2.26,17,1.274836,-136.290634,89.61
2001.021715406662,24,1.29,2,24.822337,79.607649,41.17
2004.2233765768042,27,0.78,19,87.33142,-113.837521,93.96
2006.964758475799,1,2.71,14,48.240978,-61.78122,87.03
2004.4252621069186,34,0.56,14,-11.81493,-4.603678,72.01
2002.2175633439265,36,5.71,3,-9.640454,-171.084644,27.41
2003.015896777515,4,2.91,8,21.378974,-90.42515,58.44
2011.519469200818,0,8.26,18,29.765738,-33.159741,84.84
2005.1583429601449,39,0.83,16,0.127967,-79.330925,71.67
2009.106746526202,11,2.34,10,26.07502,-130.906682,74.24
2012.5854317713715,35,7.33,8,-85.764151,82.084413,49.13
2017.2598707157342,44,6.03,9,-12.667884,112.733156,41.55
2000.9828034960274,22,0.74,17,-39.791146,-87.307569,75.57
2019.985259972726,46,8.78,19,-66.7486,98.791018,70.88
2015.6975097372726,30,8.78,12,-72.081628,-41.200717,55.72
2002.0439757987217,10,3.37,7,18.57459,2.406885,58.71
2021.8394656026694,9,3.47,6,4.248098,128.160387,63.07
2023.0218100132954,2,9.89,16,-44.354859,89.983325,82.86
2001.5269489963716,13,6.3,14,-5.228989,109.842066,71.17
2006.92194120368,15,5.36,19,-1.398183,-130.73574,85.43
2020.1550319948265,9,8.4,14,-54.898384,-154.901007,73.59
2018.7064922595914,28,2.92,0,27.376751,141.625702,27.09
2004.6130254839095,9,4.35,13,50.565484,-40.379663,77.61
2005.2337330834177,11,2.75,4,52.463437,-76.363316,57.51
2009.2618025697845,29,7.91,10,18.44457,80.890652,46.74
2012.1130746297756,40,5.78,15,2.094945,121.109615,66.77
2015.4563692882573,0,6.62,1,-79.018714,130.496264,47.65
2009.2228409892443,4,2.6,7,-38.190366,-66.241029,64.67
2011.5633679033288,19,2.28,10,-73.21114,126.796461,70.69
2018.686773453344,7,4.93,17,83.488169,-165.26378,88.67
2000.917080072265,42,7.4,2,-65.685574,-162.121863,24.75
2006.3109236086004,11,5.3,0,-62.680426,44.46691,38.75
2017.8337396471138,0,0.42,10,70.123791,-157.281707,76.51
2022.38017094218,19,8.7,15,79.907091,-63.140699,82.4
2012.7919360528917,27,0.74,17,47.849227,62.192155,89.28
2013.302837131633,42,9.56,15,-89.027114,-58.583917,66.17
2002.6793002834945,36,0.35,9,-89.757671,-115.344079,63.83
2011.1853091705864,46,6.98,17,-21.941861,-78.713776,69.17
2013.3154316613757,36,0.91,5,-64.188833,-15.27288,52.56
2006.0617625908683,11,9.12,18,-86.690494,-8.861092,85.76
2006.7310807737344,36,4.7,3,-6.467996,101.880083,30.3
2009.4321040776156,48,1.46,12,79.751142,90.055163,59.88
2000.5017799444431,48,3.47,13,-31.712477,-15.54559,54.76
2008.0519791395795,43,1.73,2,29.005322,124.440246,21.4
2005.2862001749136,27,1.79,9,27.402364,-138.87463,56.55
2008.187433804448,46,9.49,5,-44.805581,-88.072794,28.13
2002.9940532954813,14,4.51,0,27.076545,118.071527,41.54
2022.2631820184974,5,7.91,13,-51.779885,-43.922146,70.36
2014.8398113388512,43,6.43,7,-68.038666,173.225361,44.91
2016.9775579786121,19,6.8,18,36.248991,-12.148819,78.25
2019.7292809651835,49,1.4,13,-69.580653,105.096824,57.8
2012.4610549732265,13,2.42,9,89.443659,-35.169465,74.12
2002.1730072021855,1,7.89,16,-56.978568,-27.016733,85.9
2013.4276635454637,8,9.71,8,16.945535,-42.162067,54.57
2014.6710279505219,36,2.7,5,-15.952577,78.867223,44.13
2018.6359868546083,19,2.79,10,-67.250444,17.106438,60.28
2010.791488655742,25,4.78,6,-84.988097,159.76012,46.68
2003.1895075698892,28,9.84,16,22.091811,-89.679486,69.25
2007.094397644968,0,2.76,0,55.216361,-143.797416,52.02
2009.0770574099658,34,4.13,4,61.562819,-38.425865,30.45
2016.14793103329,5,8.93,8,-3.111575,42.016575,66.92
2014.2694576167228,36,0.13,17,49.941984,129.887617,82.18
2008.902418147446,4,0.49,1,31.112484,-55.369121,44.71
2024.6628812198244,32,6.08,10,40.365815,55.36323,48.42
2015.144370483922,48,9.08,5,-1.332179,-53.928475,28.75
2005.9306697933998,13,2.46,7,24.014113,42.19905,54.07
2002.5445618155102,11,4.75,3,54.994664,138.530861,43.57
2003.8214784796082,41,4.56,17,-18.380848,-96.711249,72.41
2006.1489432096128,19,4.78,10,55.076202,-34.473009,69.05
2004.017034331489,49,6.26,4,16.563032,177.575471,33.2
2004.6641756012827,23,4.75,14,-60.137816,132.68053,70.16
2007.1273792173463,42,4.53,17,-85.556852,23.270349,72.14
2004.3343398823688,33,4.8,1,-24.704352,5.985933,21.32
2022.4191356156607,24,5.95,10,8.405339,-77.543862,48.88
2002.005843641541,49,5.42,12,61.167663,6.195394,47.22
2013.1127847392563,28,8.56,3,-67.052578,125.345339,37.78
2010.2599206747416,38,0.59,6,54.037143,66.662825,52.02
2024.5594654227152,30,8.35,10,65.341628,-75.58415,54.39
2002.8009725542013,46,8.45,3,-62.876252,-107.472988,16.04
2009.9463899761436,42,2.92,14,63.286977,-84.524927,63.06
2024.236760831884,49,4.68,0,88.461642,-118.886687,14.19
2021.6376781473496,22,4.44,2,40.83099,-145.569349,37.51
2020.426801773732,43,2.26,13,51.258543,-29.110977,62.96
2006.4475706761234,37,4.03,5,88.994748,-139.212142,35.45
2004.2721896847515,19,0.54,17,18.986625,-118.111479,92.44
2016.7160804981108,22,2.85,0,-34.580451,17.036886,35.87
2023.2343997281896,44,8.19,5,60.75555,-120.744261,27.07
2013.9190723253482,15,2.92,5,20.60744,-157.003284,54.64
2014.2903172367476,49,8.2,15,14.615176,-65.740014,63.82
2006.9994773415071,41,5.36,4,-44.3456,-100.685124,40.6
2019.2373233297985,7,8.81,16,46.140169,5.509868,83.74
2004.6760937139381,49,5.79,9,-75.29989,-143.14785,46.12
2008.091980910106,20,0.39,17,76.371673,90.637484,89.21
2010.6359109654104,0,6.79,6,-31.351777,146.244067,62.96
2012.6902594671114,7,0.54,2,-67.000562,87.636663,46.34
2006.060243310377,28,4.56,12,-10.374024,11.817733,69.73
2002.87092061848,31,9.3,14,-82.355416,129.840416,61.11
2015.2655010610408,37,1.74,19,33.232715,70.170617,93.34
2007.2157638310064,4,3.96,18,72.486992,-176.201596,99.0
2014.5309555355652,46,7.33,2,60.707341,-38.127545,21.67
2003.859067881855,21,8.83,3,-67.073495,126.342684,34.07
2012.0285025463704,46,6.74,4,-67.271195,-55.490811,31.52
2013.3147358137896,33,2.66,0,56.418207,-167.322538,31.9
2001.2955884205608,0,6.78,3,76.365769,88.62467,46.84
2008.415106954848,25,3.04,11,-7.079431,108.733777,66.4
2003.3603669234744,42,7.21,9,-0.185199,-122.18627,49.67
2001.5843742618192,9,9.54,19,-32.712833,13.442579,81.37
2024.7490058097487,29,7.24,12,70.967721,-110.896042,64.27
2008.058846124368,49,8.64,13,26.082523,78.924391,54.15
2020.246861146366,17,0.12,4,-38.114716,-82.241836,59.25
2006.366016369094,16,7.2,3,-36.219083,-66.162556,36.62
2017.0375680555983,25,8.31,13,70.416013,124.189507,64.06
2019.005696497242,7,0.5,9,-87.545876,-8.523953,73.78
2014.8909685151962,46,8.73,16,-31.909217,61.111602,65.6
2011.789404713754,39,2.64,9,9.784203,-35.145702,55.69
2010.2960228536817,48,6.69,6,-63.320857,-72.717531,27.77
2008.7217066635749,11,8.02,15,-73.422224,45.172102,78.93
2023.2382286061957,26,6.66,0,56.74974,-124.251273,37.03
2020.7654851946932,7,1.01,16,70.99279,-45.720059,96.04
2024.1256727666628,24,6.0,8,58.249156,-104.746667,61.19
2003.1074305871387,45,5.54,5,71.78182,70.486188,39.41
2018.271686880091,3,9.01,18,9.560155,159.915182,95.8
2023.4585114205258,32,4.1,12,56.206462,178.383948,65.4
2004.5308266541415,0,3.28,2,-20.872325,-17.900348,53.69
2001.6624066841694,18,7.52,6,29.928215,-89.08906,49.0
2018.5280162322515,30,4.19,8,87.990396,-20.581427,52.74
2014.3618278294978,15,6.5,4,-49.36901,125.016988,48.46
2021.0457194189569,13,6.5,9,-19.818046,-105.837956,58.14
2003.4943094156572,47,8.89,16,-3.591472,162.754435,70.59
2019.8816827964972,4,6.03,11,-65.157212,-56.928323,67.31
2005.0406830011937,40,5.07,15,-75.41305,174.889317,71.45
2004.0913985716427,25,1.47,2,59.350116,121.8992,48.19
2004.1066449482748,27,1.25,8,85.822987,111.085392,57.74
2020.3643680057846,1,1.63,14,-17.149489,-65.554317,83.49
2016.629930517405,49,1.8,4,-74.223029,-176.840204,40.58
2013.076635619228,5,6.41,12,-78.153883,-42.432153,74.9
2008.9707621030875,8,7.44,13,70.437277,-71.348627,77.91
2021.9300135203277,32,5.35,19,-6.513435,-166.537083,82.43
2009.811127685566,40,8.31,14,-32.395083,1.931492,68.19
2020.4149859867894,24,9.91,15,-4.236971,-34.908728,57.55
2010.9783727142556,47,8.22,12,-32.705263,48.440328,52.05
2009.4236107356228,12,6.98,16,-1.97356,43.627076,88.24
2011.5669946417402,8,5.37,7,64.720151,-136.531211,59.47
2007.5344468541036,12,4.54,1,16.614247,171.707597,41.7
2018.6902345044064,30,0.94,4,35.037679,-112.704685,43.42
2012.568009752312,40,4.05,5,-24.359278,-19.701351,39.03
2005.8053173786705,10,9.11,11,42.931058,-4.277684,55.98
2022.4893643318642,3,8.1,17,29.991075,112.702607,83.76
2009.5972805343304,33,2.24,0,-68.47884,-144.277345,26.21
2013.5888215278496,37,4.72,16,13.075714,-25.688059,75.77
2022.6618027741138,45,8.19,10,-43.786171,46.260781,42.36
2015.6059498978498,3,0.77,9,54.737221,-102.543976,71.63
2002.9224510177091,37,3.94,18,-13.331212,45.888444,77.7
2023.495803090337,18,8.53,13,89.04315,152.519342,63.46
2015.6927013267855,5,4.1,9,-73.349921,179.106527,69.7
2008.372640366427,33,0.87,14,50.462615,-168.317612,76.08
2003.4818018165847,17,5.47,18,31.266312,-95.188238,91.42
2019.8506297317574,12,8.63,3,48.14979,-68.289438,43.32
2015.5018188982128,40,5.94,1,-34.644637,-36.314604,26.85
2013.336527299408,22,2.34,8,-1.430192,-92.787423,57.85
2022.347314576274,18,3.9,9,53.371534,-106.744322,60.18
2019.7149302806133,44,4.56,10,-48.14256,163.639383,46.8
2003.7918719933189,10,5.83,13,-49.314025,150.667777,70.81
2007.7930516948886,0,7.62,6,9.189172,-163.0827,57.54
2006.2122284953616,23,1.08,14,4.241444,-58.027312,75.28
2018.5986573143168,6,8.91,18,-39.192755,-34.146521,94.98
2000.8383108683945,24,0.22,14,-36.346383,-93.954768,79.48
2014.2472421217828,20,3.76,7,-39.987871,46.394243,62.87
2019.0614671435173,14,0.37,10,48.872171,50.537069,75.3
2021.9191409190437,0,3.99,8,27.342156,126.181522,64.13
2008.5520437178977,11,5.31,14,59.835093,86.712937,78.22
2020.5314326168004,6,5.17,0,85.585145,15.326398,30.88
2002.7657934238803,14,1.74,0,-4.650427,55.291237,41.34
2021.161307293363,20,6.49,18,-77.995101,-81.364039,80.84
2003.1872165582995,18,0.54,2,-81.343384,33.500228,40.62
2009.9321822640093,28,7.64,9,-36.780293,-3.878188,59.15
2019.9323841444889,24,9.47,7,77.858026,-131.995992,49.95
2003.7479356837193,32,3.46,14,4.17835,-92.68406,75.83
2005.731284880816,48,5.22,9,-41.078427,-74.990358,49.08
2018.0563142098267,31,3.85,0,-18.149977,152.751444,22.55
2018.000913413652,48,0.17,17,17.747119,-97.06081,74.74
2016.0286908221324,34,3.92,1,27.530938,-75.872195,28.42
2017.3487111116774,43,7.94,18,-62.294488,-47.032513,62.04
2013.56811108369,37,6.0,12,85.865702,58.947386,55.71
2006.2949764726739,25,1.1,0,8.059001,-137.434179,33.12
2008.642399837598,10,8.49,1,-65.576103,163.420276,35.89
2004.5399429200356,34,5.36,15,70.854346,131.605639,82.62
2022.7112640333407,7,8.43,14,-76.565082,27.797786,75.75
2014.584794869153,45,5.84,12,73.392378,62.653632,55.37
2010.021285419091,13,5.64,15,89.381818,-174.00223,78.79
2011.5501450911033,9,1.14,16,36.077724,-57.979881,95.48
2023.6820834902953,1,1.76,6,48.6805,106.437683,59.49
2003.833785077902,45,9.72,16,-29.285489,-152.106129,70.4
2014.65574580042,8,2.36,6,79.483833,-78.36702,59.84
2012.6472169721117,2,9.78,12,5.348514,30.706858,68.35
2015.2863558858662,20,5.37,4,41.82992,-87.69131,48.8
2000.452754595521,25,1.44,16,76.339389,156.232071,78.89
2021.8030977236037,7,1.08,2,85.532396,-132.818893,54.48
2023.3029570620904,47,2.17,6,59.976784,107.061969,48.27
2014.1283295897301,1,9.26,16,-35.456849,2.861529,82.4
2017.4162705969222,5,4.2,6,83.978553,90.119079,69.46
2023.0624845294324,27,4.01,0,23.061516,-68.142482,33.71
2017.680965857835,28,3.2,16,77.515646,5.216257,82.48
2003.8134760728565,25,1.56,16,31.698905,128.460726,89.99
2014.4072090041702,24,4.93,10,-34.696987,-11.923884,68.76
2015.1678761595715,11,1.39,2,-23.395586,-50.50085,49.72
2010.6032667825596,4,8.37,14,9.08492,13.015939,81.43
2018.411105890618,33,3.77,10,52.202671,78.250591,64.83
2023.3591753692253,47,3.81,15,-32.763141,-20.317196,59.98
2023.1392128226694,36,4.79,8,14.35161,157.995711,40.17
2011.2709842851034,14,4.5,0,-27.787501,-73.819503,35.96
2002.8309511460188,43,9.95,15,56.838493,-8.833102,49.81
2024.6210299740583,35,5.5,8,-5.988943,92.493957,46.68
2020.9724521611483,14,0.97,18,-76.189891,68.083593,97.12
2003.1165670300816,42,6.11,11,-60.110546,130.910779,51.46
2023.0210470654342,47,1.6,18,-79.00116,178.851305,77.39
2021.7474090515532,22,0.41,8,-0.12547,-26.331002,57.38
2012.9709514281517,5,9.71,6,-70.859286,-139.985683,54.88
2014.7818858936232,45,7.76,13,-69.454806,-169.050283,49.54
2009.9750675967532,49,9.8,18,79.388687,81.675686,54.29
2001.3690409705507,43,4.83,18,67.077913,134.644922,74.22
2008.3799310411475,42,5.37,1,-8.624413,-100.543469,28.52
2020.0713362149502,44,1.77,8,87.444958,-122.958707,49.74
2000.1158005751151,20,2.54,12,-89.966425,-157.606167,66.37
2008.3374792922787,22,8.4,14,20.516302,116.173052,68.91
2009.9542173397735,42,3.63,2,20.957072,-67.902502,31.75
2013.434890073448,15,8.29,10,-7.66025,-35.389119,60.52
2022.996390410319,46,7.12,13,-18.549365,0.990069,54.0
2008.6586498591491,14,1.85,7,-8.031036,122.203164,63.66
2008.6738300474058,24,5.12,17,-15.307122,54.29996,72.63
2018.4375312027437,35,6.81,18,41.488646,41.423267,71.82
2011.3054485222451,10,2.43,15,-65.636022,-116.758044,79.83
2005.6151205734996,14,8.32,1,-54.42494,4.748361,40.26
2011.3109879033173,3,5.49,7,-57.506719,77.537166,64.83
2003.521425509495,20,1.74,5,-42.755295,170.373918,53.32
2004.4096746626556,12,5.87,11,4.546515,-107.493729,60.94
2012.4591943184869,21,10.0,14,-69.982425,-176.564393,70.22
2010.4731362376137,18,1.59,7,66.270473,-152.891484,66.55
2022.8711475267025,33,8.19,3,-36.474924,-44.693113,33.07
2009.0598474779158,13,2.15,14,-60.743162,115.396073,82.1
2014.514708756951,3,7.85,19,31.611836,-177.428851,96.88
2015.8066071979883,47,7.37,16,-83.144466,-15.576987,64.81
2000.3273614147083,45,3.07,12,21.594342,-61.476978,63.53
2016.5884343004177,26,3.33,17,35.675718,-161.106584,87.52
2004.4508991717437,28,7.95,1,-51.315024,-17.914937,25.97
2024.0267579367364,46,4.67,12,-82.446467,-88.290465,52.69
2003.716568193828,27,7.34,12,-24.543835,-53.32146,59.49
2010.3656030931757,34,1.57,14,-72.253039,74.02151,75.32
2002.133741701966,7,8.54,19,-69.033987,7.758354,88.99
2024.9218562961487,15,7.14,9,-44.232978,-135.126926,55.04
2012.554875258281,41,9.08,2,-36.815774,166.109235,21.88
2014.884625433001,35,1.41,18,5.394661,48.927876,89.92
2001.6769119347107,29,5.97,2,32.110539,95.712633,33.22
2018.7490117599793,17,6.03,13,16.698769,-151.483266,70.07
2005.2476398273895,1,3.6,7,-63.295139,-163.058983,66.7
2022.4513572360179,48,4.64,3,-59.024514,-172.998702,28.46
2005.1284910120503,12,0.48,19,68.178465,-112.03415,90.61
2004.7671930165916,3,7.48,10,10.503417,-30.812977,70.76
2000.9137416962024,25,5.54,10,66.58881,156.897408,61.23
2011.80167362775,24,0.67,10,-23.121628,-15.458523,67.08
2014.1210283315654,29,6.84,1,20.592001,-75.508162,33.55
2001.6427159857087,10,4.72,16,4.259415,22.296691,91.98
2019.3881904173752,6,0.44,8,-32.557772,-139.703552,74.33
2011.3322208687007,30,9.7,1,-5.415233,39.422121,19.2
2013.1097567331894,43,9.5,14,0.448358,24.635504,52.17
2011.0190686734556,9,5.18,15,-53.861225,105.117492,88.32
2010.019076521883,38,1.03,3,-33.298133,175.20754,29.07
2013.9910082827055,12,7.57,7,52.453755,-89.68555,52.9
2003.8810061482677,30,4.97,8,74.841883,3.476322,53.74
2004.5482032623818,6,3.09,4,-25.237063,147.191546,45.61
2021.5446405253379,48,4.97,15,-34.744989,102.668358,64.72
2023.6528865533407,41,5.27,12,-54.86451,-4.533731,62.37
2009.332732906994,41,5.67,6,32.12841,160.333794,31.57
2006.7686168285888,35,4.47,19,-31.842054,-159.39479,91.09
2016.0999885809754,19,6.1,16,87.794917,155.159503,74.3
2010.2183542774524,3,9.2,2,-31.376736,-161.817339,43.57
2000.6346588915087,6,3.69,4,-19.055512,17.029708,53.05
2003.9038149341548,0,7.28,18,18.600155,140.558741,93.43
2017.8993057211849,43,8.96,11,54.303173,-85.42046,41.64
2016.4730985477538,44,4.61,6,-5.48664,-9.99054,45.39
2000.677399812587,41,4.49,8,-13.921914,-63.241604,48.39
2005.5493040483238,46,6.06,5,89.21481,162.77181,41.01
2005.7768699147018,12,5.95,16,-88.111145,116.512414,76.79
2016.7973185899682,21,8.09,15,71.111752,75.240544,71.46
2000.492763443859,20,4.82,2,-63.154651,31.545715,39.82
2002.6027145496143,21,9.96,3,51.46655,115.413044,33.86
2019.9979021343297,27,0.69,9,21.227681,-38.783865,65.8
2004.4636165513584,8,0.13,4,-28.467489,-18.881332,56.84
2016.3186526962968,25,6.44,9,67.297492,82.80062,65.45
2005.9545695261681,8,3.05,11,-87.676699,-51.208285,74.62
2002.4860348189836,14,2.48,9,-49.195683,-156.995661,51.86
2006.0793047749864,9,3.19,12,12.040703,-153.239541,77.14
2018.0566732963914,23,2.63,10,-26.722393,-138.469392,70.86
2021.3924117026572,41,0.4,15,19.867949,133.085276,69.28
2020.7554966141747,7,9.72,7,-85.660165,-9.998487,47.99
2009.9295882404613,23,2.29,7,-69.037393,76.637653,51.86
2016.702128414266,15,7.37,7,-67.122677,-38.552639,47.06
2005.1246073853956,48,7.65,12,-55.928944,-86.864059,48.13
2007.3286932565254,25,9.3,1,-7.320341,-55.01082,31.1
2022.408395463028,26,0.4,11,45.383166,105.905644,77.03
2000.3250480877684,36,8.73,9,72.996991,45.077805,33.78
2002.1377132713617,3,5.32,11,60.367055,157.550321,71.63
2005.1971563786508,49,6.36,10,-54.560183,64.69372,47.47
2000.6633050968455,23,6.48,14,-10.592901,25.265387,71.79
2004.535885877245,18,8.22,15,-54.105912,39.670563,83.17
2014.5760390242424,35,3.4,16,-42.395073,159.253718,65.35
2010.5356137648125,38,7.36,1,0.638457,103.752335,10.01
2022.3167927769243,9,5.33,17,-77.740376,-171.345155,98.82
2020.436089043461,24,7.95,11,-50.728621,12.290291,62.84
2008.5454337924468,17,9.91,18,78.368069,67.801828,77.78
2006.4855858357823,18,2.09,17,-6.099067,89.531452,89.72
2009.4923102041816,35,9.95,16,-9.830425,-103.268837,66.79
2014.7573735628703,9,0.99,5,-87.377912,132.183848,56.04
2006.7015910205719,32,0.12,14,-45.468046,164.103533,76.53
2015.6037226962283,49,0.54,2,65.932638,-94.78249,32.46
2010.235291304781,4,3.48,5,-60.366883,137.741565,67.86
2013.8011795212994,46,6.37,2,-15.277511,-145.087645,28.26
2010.903163228383,48,0.78,0,-87.420437,-159.945539,33.53
2007.361643988548,34,0.16,12,-3.899613,-133.479432,62.04
2023.711332674054,43,9.38,13,-86.216201,-159.213211,51.69
2019.090144853994,33,8.24,12,57.52972,124.204405,58.35
2003.5028293941614,32,8.11,3,58.473678,-158.741948,21.23
2021.7116993974478,20,8.86,6,51.793594,-82.200891,50.62
2012.1857799562379,16,7.03,9,-38.994468,-142.647716,61.67
2022.3638056723523,21,1.13,6,60.702699,-73.648067,53.97
2019.9963813986828,47,4.05,14,7.739664,-147.398592,61.51
2010.6303376117307,36,7.26,14,-22.71454,60.48117,69.38
2000.5617327080029,14,2.88,3,22.559393,-132.002346,43.7
2006.7169339846237,34,6.91,5,-87.778612,126.664533,44.11
2013.5408553665218,27,0.34,19,-64.267042,114.188778,91.73
2015.8369554956537,6,3.13,4,43.612837,-175.081793,58.08
2006.4471921358302,31,5.54,19,-46.05091,142.461488,83.62
2003.4839018518205,10,6.36,11,17.641641,-169.580046,79.63
2020.8732559199825,9,5.81,0,-20.681531,-93.727517,32.35
2024.6100545175889,8,7.01,7,63.86504,-168.33991,53.62
2013.1422545575672,13,0.16,0,81.434755,-59.096345,35.73
2004.2919821462076,12,1.1,4,69.041651,4.991949,48.87
2006.8076831629842,24,8.7,5,-41.288401,106.792153,43.52
2000.4597669136867,1,6.85,2,-55.050684,-58.326642,53.23
2022.8574701640125,34,1.22,14,-4.601719,73.976409,77.3
2002.9437770722536,6,8.44,4,-88.679853,-112.498395,46.31
2014.4129118878564,20,2.5,13,-85.354309,90.215444,70.78
2006.8513805171801,17,4.83,17,9.592315,-95.041222,89.75
2013.8544500628948,2,1.54,15,3.680893,-128.323888,86.95
2016.2855097087966,41,7.13,5,89.024758,-113.252814,27.06
2020.74354509268,38,6.7,13,-53.66847,-114.457274,58.41
2005.160531794015,40,2.19,7,-43.541293,4.630637,37.55
2000.274895716462,48,8.65,6,-69.562684,124.127129,24.12
2003.4221407517202,10,4.07,7,75.157742,-151.342172,69.32
2022.5004660462025,38,3.0,12,50.006024,74.504275,54.67
2021.847251939063,23,1.61,5,58.02104,55.564725,45.14
2014.9353275542578,45,2.74,17,72.497482,134.107183,74.75
2015.0129215108414,18,0.32,1,4.481998,-92.106878,44.14
2016.6259168636564,3,5.87,7,-8.785226,-17.960451,59.52
2004.3842819655863,25,8.44,10,-30.529535,153.297855,44.82
2022.860298648124,37,5.53,0,16.058631,57.597642,27.45
2010.4692631223018,41,2.27,5,-8.229889,-40.043371,38.88
2009.5784632062375,31,0.43,15,-8.718194,-132.691542,84.96
2012.972942632071,38,2.22,19,78.647015,-85.505397,81.45
2001.1741491693763,44,4.22,11,87.125673,29.237572,59.58
2004.157084218902,45,7.62,10,53.36719,78.540461,52.55
2018.4508404106593,35,1.96,9,46.216456,-135.208121,54.23
2002.0699666981282,39,7.23,2,32.500469,35.855014,30.06
2015.0788027366598,36,8.68,12,-60.106527,18.12646,48.34
2006.133727742033,32,4.59,2,-79.360952,5.023961,34.43
2009.7323903510494,35,8.23,14,34.330737,68.444322,68.27
2007.2173434192675,2,5.59,15,41.18152,121.481854,88.21
2008.8918179116238,8,6.41,12,-81.544862,-63.723714,84.42
2017.9761476296062,7,5.31,16,77.049315,140.044388,89.41
2007.4280428905793,32,4.69,2,-73.594685,-122.171899,31.14
2014.1601160074224,5,2.42,19,-38.537904,-117.711407,115.07
2011.9012600549775,40,3.1,10,31.030166,-83.962057,63.52
2016.5917791340662,38,2.97,18,-59.422933,-136.968887,72.53
2023.420743483119,3,5.68,10,-80.02514,-97.085079,66.06
2018.3143024302562,12,1.29,15,-30.393632,-141.691765,81.87
2005.3735094647689,48,9.18,2,47.874883,115.83087,21.46
2000.779578376532,1,7.23,5,-15.537838,-129.971163,56.51
2006.5566011074957,4,4.07,13,27.535126,89.027121,83.71
2014.8769482675064,43,1.67,17,14.331438,-162.751008,68.85
2001.2856453371062,26,8.83,16,-86.000673,161.467318,68.56
2012.409156180031,31,8.26,3,87.937198,76.017632,30.36
2014.9210712229221,20,7.25,14,-82.542944,-177.553243,62.02
2008.356097270424,7,2.79,10,84.204493,94.98834,67.96
2019.2728050936455,37,4.08,2,8.975552,5.069491,38.16
2002.6649563283443,7,1.12,2,83.368625,100.571461,43.05
2001.8784445433953,49,1.97,15,-69.344352,8.098851,74.82
2018.20471890509,2,7.85,4,-1.726467,50.768949,54.68
2012.387282905155,43,7.18,9,-59.489263,103.079396,43.28
2017.2100599106934,2,5.98,18,-80.824522,-34.1611,90.79
2010.8706834650936,21,8.97,3,21.155241,-179.025066,39.2
2006.1600508309778,5,5.87,18,-52.598984,125.980739,88.76
2020.477557941855,1,4.72,10,15.785463,-42.879469,68.73
2019.9853969742244,22,3.47,1,-69.774393,-1.424619,36.68
2017.3674117713606,43,9.41,9,-30.242435,-177.204009,30.73
2006.803628430749,1,0.92,10,50.69386,-2.846876,70.87
2014.755766671727,37,9.32,19,-11.330726,175.135465,72.94
2009.0243474235006,16,8.28,15,22.994175,-79.823642,76.96
2002.289551833166,34,1.39,18,26.542429,-37.649423,80.91
2022.932839386556,33,5.69,10,61.875908,67.388399,53.98
2003.420465772974,22,8.68,13,-31.513897,113.32572,56.91
2023.75593384552,29,5.76,1,33.713201,-29.739015,34.52
2011.150144323949,7,9.08,4,83.090845,-68.519207,45.98
